<?xml version="1.0" encoding="UTF-8" ?>
<!--
 ~ Copyright 2019 dc-square GmbH
 ~
 ~  Licensed under the Apache License, Version 2.0 (the "License");
 ~  you may not use this file except in compliance with the License.
 ~  You may obtain a copy of the License at
 ~
 ~        http://www.apache.org/licenses/LICENSE-2.0
 ~
 ~  Unless required by applicable law or agreed to in writing, software
 ~  distributed under the License is distributed on an "AS IS" BASIS,
 ~  WITHOUT WARRANTIES OR CONDITIONS OF ANY KIND, either express or implied.
 ~  See the License for the specific language governing permissions and
 ~  limitations under the License.
 -->

<hivemq-extension>
    <id>hivemq-mqtt-message-log-extension</id>
    <name>HiveMQ Mqtt Message Log Extension</name>
    <version>1.1.0</version>
    <priority>1000</priority>
    <author>dc-square GmbH</author>
</hivemq-extension>